{"cameraMode":{"drawMode":0,"name":"Shaded","section":"Shading Mode"},"sceneLighting":false,"audioPlay":false,"sceneViewState":{"showFog":false,"showMaterialUpdate":false,"showSkybox":false,"showFlares":false,"showImageEffects":false,"showParticleSystems":true},"in2DMode":false,"pivot":{"x":15.807899475097657,"y":-9.452323913574219,"z":1.0528759956359864},"rotation":{"x":0.0898226946592331,"y":0.6955553293228149,"z":-0.0883253812789917,"w":0.7073433995246887},"size":11.939275741577149,"orthographic":false}